temperature_c,humidity_rh,co2_ppm,light_lux,air_quality_ppm,env_status,timestamp,sensor_errors
28.39,76.49,621,16.67,16.83,正常,2026-07-08 06:16:44,
28.43,76.22,612,16.67,19.15,正常,2026-07-08 06:16:49,
28.51,76.03,606,16.67,18.56,正常,2026-07-08 06:16:55,
28.54,75.83,600,16.67,16.95,正常,2026-07-08 06:17:00,
28.61,75.59,591,16.67,16.83,正常,2026-07-08 06:17:05,
28.64,75.29,587,16.67,19.39,正常,2026-07-08 06:17:10,
28.70,74.97,577,16.67,17.44,正常,2026-07-08 06:17:15,
28.78,74.83,574,16.67,18.51,正常,2026-07-08 06:17:21,
28.81,74.64,571,16.67,19.05,正常,2026-07-08 06:17:26,
28.83,74.38,555,16.67,18.97,正常,2026-07-08 06:17:31,
28.92,74.18,547,16.67,17.07,正常,2026-07-08 06:17:36,
28.99,74.01,540,16.67,17.24,正常,2026-07-08 06:17:42,
29.02,73.84,536,16.67,18.24,正常,2026-07-08 06:17:47,
29.06,73.75,531,16.67,16.19,正常,2026-07-08 06:17:52,
28.05,72.89,842,21.67,30.72,正常,2026-07-08 21:44:55,
28.09,72.67,796,21.67,30.01,正常,2026-07-08 21:45:00,
28.12,72.38,784,20.00,26.86,正常,2026-07-08 21:45:05,
28.13,72.26,769,21.67,27.11,正常,2026-07-08 21:45:10,
28.13,72.07,755,22.50,25.98,正常,2026-07-08 21:45:15,
28.19,72.07,755,22.50,26.40,正常,2026-07-08 21:45:21,
28.19,72.06,760,21.67,26.28,正常,2026-07-08 21:45:31,
28.26,71.77,763,20.83,21.90,正常,2026-07-08 21:45:36,
28.46,76.16,1304,21.67,19.32,正常,2026-07-08 21:46:05,
28.57,74.01,1321,21.67,19.90,正常,2026-07-08 21:46:10,
28.63,72.64,1335,21.67,19.49,正常,2026-07-08 21:46:15,
28.63,72.50,1346,21.67,18.85,正常,2026-07-08 21:46:20,
28.68,72.33,1349,21.67,19.73,正常,2026-07-08 21:46:26,
28.71,72.05,1349,21.67,17.70,正常,2026-07-08 21:46:31,
28.82,71.26,1322,21.67,17.66,正常,2026-07-08 21:46:46,
28.89,70.44,1298,20.00,17.85,正常,2026-07-08 21:46:51,
28.89,70.29,1263,16.67,18.78,正常,2026-07-08 21:46:56,
28.95,70.28,1241,21.67,17.73,正常,2026-07-08 21:47:01,
29.02,70.09,1221,130.83,18.68,正常,2026-07-08 21:47:07,
29.07,70.58,1206,112.50,18.88,正常,2026-07-08 21:47:12,
29.16,70.78,1193,224.17,19.17,正常,2026-07-08 21:47:17,
29.29,73.20,1104,125.00,19.76,正常,2026-07-08 21:47:45,
29.62,71.38,1073,96.67,18.17,正常,2026-07-08 21:47:51,
29.73,71.39,1040,90.00,18.85,正常,2026-07-08 21:47:56,
29.82,73.31,1024,92.50,17.22,正常,2026-07-08 21:48:01,
29.90,72.61,1005,101.67,20.24,正常,2026-07-08 21:48:06,
30.01,74.02,991,147.50,18.36,正常,2026-07-08 21:48:11,
30.06,70.86,981,90.00,17.90,正常,2026-07-08 21:48:17,
30.18,72.67,975,87.50,19.66,正常,2026-07-08 21:48:22,
30.21,71.78,967,148.33,19.56,正常,2026-07-08 21:48:27,
30.28,69.61,961,150.00,16.97,正常,2026-07-08 21:48:32,
30.34,68.53,947,149.17,18.32,正常,2026-07-08 21:48:38,
30.39,67.46,936,149.17,17.88,正常,2026-07-08 21:48:43,
30.46,66.90,921,149.17,18.51,正常,2026-07-08 21:48:48,
30.49,66.49,912,149.17,18.56,正常,2026-07-08 21:48:53,
30.54,65.94,895,148.33,18.71,正常,2026-07-08 21:48:58,
30.58,65.85,887,148.33,17.88,正常,2026-07-08 21:49:04,
30.65,65.49,876,148.33,16.24,正常,2026-07-08 21:49:09,
30.69,65.45,871,87.50,17.66,正常,2026-07-08 21:49:14,
30.77,66.93,863,86.67,19.34,正常,2026-07-08 21:49:19,
30.84,67.63,859,84.17,18.66,正常,2026-07-08 21:49:24,
30.90,66.59,857,113.33,18.63,正常,2026-07-08 21:49:30,
30.91,66.71,850,113.33,17.46,正常,2026-07-08 21:49:35,
30.98,65.75,845,113.33,18.66,正常,2026-07-08 21:49:40,
31.07,65.17,841,87.50,17.41,正常,2026-07-08 21:49:45,
31.17,66.92,825,89.17,18.63,正常,2026-07-08 21:49:51,
31.24,67.60,820,81.67,17.95,正常,2026-07-08 21:49:56,
31.35,66.15,815,80.00,17.17,正常,2026-07-08 21:50:01,
31.50,65.48,808,80.83,16.58,正常,2026-07-08 21:50:06,
31.63,66.35,799,78.33,18.73,正常,2026-07-08 21:50:11,
31.73,66.53,787,115.00,16.00,正常,2026-07-08 21:50:17,
31.74,65.34,783,115.00,18.32,正常,2026-07-08 21:50:22,
31.75,63.69,778,95.00,17.66,正常,2026-07-08 21:50:27,
31.81,65.02,774,86.67,16.58,正常,2026-07-08 21:50:32,
31.85,65.59,770,120.00,18.14,正常,2026-07-08 21:50:37,
31.92,64.35,767,92.50,18.14,正常,2026-07-08 21:50:43,
31.95,64.81,763,117.50,17.75,正常,2026-07-08 21:50:48,
31.98,63.77,761,117.50,16.63,正常,2026-07-08 21:50:53,
31.96,63.03,758,118.33,18.41,正常,2026-07-08 21:50:58,
32.06,62.31,758,118.33,16.26,正常,2026-07-08 21:51:03,
32.06,62.39,754,117.50,18.53,正常,2026-07-08 21:51:09,
32.09,62.04,753,118.33,18.32,正常,2026-07-08 21:51:14,
32.13,61.91,752,117.50,18.41,正常,2026-07-08 21:51:19,
32.19,61.62,750,117.50,16.51,正常,2026-07-08 21:51:24,
32.19,61.45,749,115.83,18.95,正常,2026-07-08 21:51:30,
32.22,61.85,748,129.17,18.61,正常,2026-07-08 21:51:35,
32.26,62.88,746,105.00,17.75,正常,2026-07-08 21:51:40,
32.34,63.25,747,91.67,18.14,正常,2026-07-08 21:51:45,
32.47,63.07,748,97.50,17.73,正常,2026-07-08 21:51:50,
32.53,66.08,771,98.33,19.17,正常,2026-07-08 21:51:56,
32.64,65.53,788,98.33,18.95,正常,2026-07-08 21:52:01,
32.68,63.13,796,144.17,18.51,正常,2026-07-08 21:52:06,
32.79,63.57,807,105.00,15.29,正常,2026-07-08 21:52:11,
32.85,65.06,849,135.00,17.31,正常,2026-07-08 21:52:16,
32.92,62.85,907,115.00,15.12,正常,2026-07-08 21:52:22,
32.95,62.70,972,83.33,16.24,正常,2026-07-08 21:52:27,
33.00,62.24,1003,118.33,16.75,正常,2026-07-08 21:52:32,
32.99,60.69,1039,118.33,14.60,正常,2026-07-08 21:52:37,
33.00,59.78,1056,118.33,15.70,正常,2026-07-08 21:52:43,
33.05,59.49,1068,118.33,17.17,正常,2026-07-08 21:52:48,
33.08,59.48,1072,117.50,14.75,正常,2026-07-08 21:52:53,
33.09,59.18,1072,117.50,16.41,正常,2026-07-08 21:52:58,
33.13,58.97,1070,117.50,15.34,正常,2026-07-08 21:53:03,
33.14,58.74,1067,117.50,15.38,正常,2026-07-08 21:53:09,
33.18,58.57,949,20.00,16.58,正常,2026-07-08 21:53:23,
33.18,58.80,914,20.00,16.26,正常,2026-07-08 21:53:28,
33.23,58.83,907,20.00,16.85,正常,2026-07-08 21:53:33,
33.27,58.69,900,20.00,17.22,正常,2026-07-08 21:53:38,
33.28,58.49,898,20.00,17.07,正常,2026-07-08 21:53:43,
33.30,58.24,882,20.00,16.53,正常,2026-07-08 21:53:49,
33.33,57.98,877,20.00,17.56,正常,2026-07-08 21:53:54,
33.35,58.55,875,20.00,17.44,正常,2026-07-08 21:53:59,
33.38,58.84,873,20.00,15.73,正常,2026-07-08 21:54:04,
33.40,58.34,870,20.00,16.92,正常,2026-07-08 21:54:10,
33.40,58.68,866,20.00,17.51,正常,2026-07-08 21:54:15,
33.42,58.45,858,20.00,17.17,正常,2026-07-08 21:54:20,
33.47,58.03,844,20.00,15.85,正常,2026-07-08 21:54:25,
33.52,57.82,840,20.00,17.78,正常,2026-07-08 21:54:30,
33.55,58.09,831,20.00,16.14,正常,2026-07-08 21:54:36,
33.58,58.06,825,20.00,16.61,正常,2026-07-08 21:54:41,
33.61,58.17,821,20.00,18.00,正常,2026-07-08 21:54:46,
33.62,58.14,814,20.00,17.07,正常,2026-07-08 21:54:51,
33.62,58.05,809,20.00,17.80,正常,2026-07-08 21:54:56,
33.66,58.16,800,20.00,16.63,正常,2026-07-08 21:55:02,
33.65,57.52,797,20.00,15.78,正常,2026-07-08 21:55:07,
33.66,57.98,787,20.00,15.90,正常,2026-07-08 21:55:12,
33.68,58.02,785,20.00,17.07,正常,2026-07-08 21:55:17,
33.73,57.36,781,20.00,15.85,正常,2026-07-08 21:55:22,
33.77,57.02,771,20.00,15.68,正常,2026-07-08 21:55:28,
33.80,56.83,761,20.00,16.92,正常,2026-07-08 21:55:33,
33.82,57.07,757,20.00,17.61,正常,2026-07-08 21:55:38,
33.82,57.55,751,20.00,17.09,正常,2026-07-08 21:55:43,
33.84,57.20,745,20.00,17.00,正常,2026-07-08 21:55:49,
33.86,56.82,743,20.00,17.53,正常,2026-07-08 21:55:54,
33.84,56.62,742,20.00,18.17,正常,2026-07-08 21:55:59,
33.89,56.56,737,20.00,18.22,正常,2026-07-08 21:56:04,
33.87,57.02,735,20.00,17.26,正常,2026-07-08 21:56:09,
33.90,56.64,733,20.00,17.68,正常,2026-07-08 21:56:15,
33.95,56.40,729,20.00,17.80,正常,2026-07-08 21:56:20,
33.96,56.25,725,20.00,16.14,正常,2026-07-08 21:56:25,
33.99,56.16,718,20.00,16.04,正常,2026-07-08 21:56:30,
34.00,56.11,717,20.00,17.51,正常,2026-07-08 21:56:35,
34.03,55.98,714,20.00,16.39,正常,2026-07-08 21:56:41,
34.07,55.86,712,20.00,16.09,正常,2026-07-08 21:56:46,
34.11,55.77,709,20.00,16.87,正常,2026-07-08 21:56:51,
34.15,55.62,705,20.00,17.51,正常,2026-07-08 21:56:56,
34.14,55.78,703,20.00,16.80,正常,2026-07-08 21:57:02,
34.15,56.53,702,20.00,17.92,正常,2026-07-08 21:57:07,
34.15,56.54,702,20.00,17.07,正常,2026-07-08 21:57:12,
34.14,56.35,701,20.00,17.66,正常,2026-07-08 21:57:17,
34.17,56.36,700,20.00,17.36,正常,2026-07-08 21:57:22,
34.17,56.09,698,20.00,18.32,正常,2026-07-08 21:57:28,
34.13,56.26,673,20.00,17.58,正常,2026-07-08 21:57:43,
34.11,56.05,659,20.00,17.73,正常,2026-07-08 21:57:48,
34.11,56.26,660,20.00,18.44,正常,2026-07-08 21:57:53,
34.14,56.05,660,20.00,16.19,正常,2026-07-08 21:57:58,
34.17,55.93,651,20.00,15.70,正常,2026-07-08 21:58:03,
34.20,55.58,650,20.00,15.68,正常,2026-07-08 21:58:09,
34.22,56.33,648,20.00,16.46,正常,2026-07-08 21:58:14,
34.21,55.87,648,20.00,16.61,正常,2026-07-08 21:58:19,
34.18,55.97,647,20.00,17.46,正常,2026-07-08 21:58:24,
34.20,56.13,646,20.00,16.34,正常,2026-07-08 21:58:29,
34.21,55.91,647,20.00,17.80,正常,2026-07-08 21:58:35,
34.22,55.62,647,20.00,16.90,正常,2026-07-08 21:58:40,
34.22,55.29,647,20.00,15.97,正常,2026-07-08 21:58:45,
34.25,55.15,647,20.00,16.02,正常,2026-07-08 21:58:50,
34.21,55.13,647,20.00,15.95,正常,2026-07-08 21:58:56,
34.22,55.47,646,20.00,19.27,正常,2026-07-08 21:59:01,
34.24,55.55,646,20.00,16.19,正常,2026-07-08 21:59:06,
34.27,55.25,646,20.00,17.75,正常,2026-07-08 21:59:11,
34.27,55.19,645,20.00,16.19,正常,2026-07-08 21:59:16,
34.27,55.09,646,20.00,16.75,正常,2026-07-08 21:59:22,
34.29,55.10,645,20.00,16.97,正常,2026-07-08 21:59:27,
34.32,55.04,645,20.00,18.02,正常,2026-07-08 21:59:32,
34.32,54.94,644,20.00,17.41,正常,2026-07-08 21:59:37,
34.36,54.96,644,20.00,17.39,正常,2026-07-08 21:59:42,
34.38,55.39,643,20.00,16.68,正常,2026-07-08 21:59:48,
34.36,55.39,642,20.00,17.09,正常,2026-07-08 21:59:53,
34.34,55.12,641,20.00,18.10,正常,2026-07-08 21:59:58,
34.29,55.00,640,20.00,17.12,正常,2026-07-08 22:00:03,
34.31,54.90,640,20.00,17.36,正常,2026-07-08 22:00:08,
34.34,54.71,637,20.00,16.73,正常,2026-07-08 22:00:14,
34.35,54.71,637,20.00,16.68,正常,2026-07-08 22:00:19,
34.35,54.83,636,20.00,17.26,正常,2026-07-08 22:00:24,
34.36,54.79,634,20.00,15.41,正常,2026-07-08 22:00:29,
34.39,54.78,630,20.00,15.80,正常,2026-07-08 22:00:35,
34.36,54.79,629,20.00,15.78,正常,2026-07-08 22:00:40,
34.41,54.81,629,20.00,17.24,正常,2026-07-08 22:00:45,
34.41,55.25,627,20.00,16.43,正常,2026-07-08 22:00:50,
34.41,55.96,626,20.00,17.53,正常,2026-07-08 22:00:55,
34.36,55.69,626,20.00,16.58,正常,2026-07-08 22:01:01,
34.34,55.34,626,20.00,15.80,正常,2026-07-08 22:01:06,
34.36,55.41,626,20.00,17.05,正常,2026-07-08 22:01:11,
34.39,55.23,618,20.00,16.68,正常,2026-07-08 22:01:22,
34.36,55.11,615,20.00,16.39,正常,2026-07-08 22:01:28,
34.36,55.05,612,20.00,17.61,正常,2026-07-08 22:01:33,
34.35,55.02,623,20.00,16.36,正常,2026-07-08 22:01:38,
34.34,54.84,621,20.00,17.53,正常,2026-07-08 22:01:43,
34.35,54.78,618,20.00,17.51,正常,2026-07-08 22:01:49,
34.36,54.61,621,20.00,15.56,正常,2026-07-08 22:01:54,
34.36,54.69,621,20.00,16.53,正常,2026-07-08 22:01:59,
34.38,54.87,621,20.00,17.75,正常,2026-07-08 22:02:04,
34.38,54.87,621,20.00,17.14,正常,2026-07-08 22:02:09,
34.38,54.93,621,20.00,16.14,正常,2026-07-08 22:02:15,
34.39,54.95,620,20.00,16.70,正常,2026-07-08 22:02:20,
34.39,54.92,620,20.00,16.90,正常,2026-07-08 22:02:25,
34.41,54.67,620,20.00,15.90,正常,2026-07-08 22:02:30,
34.39,55.03,619,20.00,16.07,正常,2026-07-08 22:02:35,
34.39,55.42,619,20.00,16.00,正常,2026-07-08 22:02:41,
34.39,55.20,620,20.00,15.87,正常,2026-07-08 22:02:46,
34.36,54.67,619,20.00,16.97,正常,2026-07-08 22:02:51,
34.42,54.46,619,20.00,17.61,正常,2026-07-08 22:02:56,
34.42,54.43,619,20.00,17.58,正常,2026-07-08 22:03:02,
34.45,54.40,618,20.00,16.46,正常,2026-07-08 22:03:07,
34.46,54.29,617,20.00,17.63,正常,2026-07-08 22:03:12,
34.49,55.03,617,20.00,17.83,正常,2026-07-08 22:03:17,
34.49,54.65,616,20.00,16.65,正常,2026-07-08 22:03:22,
34.51,54.34,616,20.00,17.58,正常,2026-07-08 22:03:28,
34.51,54.40,615,20.00,15.78,正常,2026-07-08 22:03:33,
34.51,54.23,614,20.00,17.41,正常,2026-07-08 22:03:38,
34.49,54.17,614,20.00,17.17,正常,2026-07-08 22:03:43,
34.53,54.42,615,20.00,16.29,正常,2026-07-08 22:03:48,
34.53,54.20,614,20.00,17.66,正常,2026-07-08 22:03:54,
34.52,54.17,614,20.00,17.58,正常,2026-07-08 22:03:59,
34.53,53.87,614,20.00,17.41,正常,2026-07-08 22:04:04,
34.52,53.81,614,20.00,16.56,正常,2026-07-08 22:04:09,
34.49,53.77,613,20.00,16.04,正常,2026-07-08 22:04:14,
34.42,53.80,612,11.67,16.17,正常,2026-07-08 22:04:20,
34.42,54.04,611,20.83,15.78,正常,2026-07-08 22:04:25,
34.46,55.29,610,14.17,15.87,正常,2026-07-08 22:04:30,
34.46,55.27,610,20.00,14.90,正常,2026-07-08 22:04:35,
34.49,55.51,610,136.67,15.95,正常,2026-07-08 22:04:41,
34.49,54.57,610,66.67,16.46,正常,2026-07-08 22:04:46,
34.48,54.00,610,68.33,17.14,正常,2026-07-08 22:04:51,
34.49,54.02,611,68.33,16.21,正常,2026-07-08 22:04:56,
34.52,54.02,611,68.33,16.73,正常,2026-07-08 22:05:01,
34.52,53.92,612,68.33,17.12,正常,2026-07-08 22:05:07,
34.49,53.80,612,65.83,15.85,正常,2026-07-08 22:05:12,
34.45,53.73,612,68.33,16.17,正常,2026-07-08 22:05:17,
34.48,53.94,612,67.50,16.75,正常,2026-07-08 22:05:22,
34.52,54.72,612,72.50,15.73,正常,2026-07-08 22:05:27,
34.51,54.16,612,81.67,16.31,正常,2026-07-08 22:05:33,
34.51,53.94,612,83.33,16.46,正常,2026-07-08 22:05:38,
34.51,54.28,612,84.17,16.83,正常,2026-07-08 22:05:43,
34.52,53.91,614,84.17,16.58,正常,2026-07-08 22:05:48,
34.51,53.65,614,84.17,15.26,正常,2026-07-08 22:05:53,
34.48,53.66,614,84.17,17.29,正常,2026-07-08 22:05:59,
34.48,53.64,615,84.17,16.83,正常,2026-07-08 22:06:04,
34.49,53.60,628,21.67,16.87,正常,2026-07-08 22:06:35,
34.52,53.56,620,21.67,15.97,正常,2026-07-08 22:06:41,
34.51,53.51,621,21.67,15.80,正常,2026-07-08 22:06:46,
34.52,53.48,617,21.67,16.70,正常,2026-07-08 22:06:51,
34.56,53.46,610,21.67,16.46,正常,2026-07-08 22:06:56,
34.59,53.36,612,21.67,15.38,正常,2026-07-08 22:07:01,
34.58,53.30,613,21.67,15.19,正常,2026-07-08 22:07:07,
34.63,53.33,611,21.67,16.12,正常,2026-07-08 22:07:12,
34.63,53.28,611,21.67,15.53,正常,2026-07-08 22:07:17,
34.65,53.26,612,21.67,15.60,正常,2026-07-08 22:07:22,
34.66,53.24,613,21.67,18.14,正常,2026-07-08 22:07:27,
34.67,53.13,612,21.67,15.46,正常,2026-07-08 22:07:33,
34.66,53.09,612,21.67,15.38,正常,2026-07-08 22:07:38,
34.69,53.07,613,21.67,17.24,正常,2026-07-08 22:07:43,
34.69,52.97,613,21.67,17.46,正常,2026-07-08 22:07:48,
34.70,53.22,612,21.67,17.34,正常,2026-07-08 22:07:54,
34.73,53.53,614,21.67,15.56,正常,2026-07-08 22:07:59,
34.74,53.53,616,21.67,17.39,正常,2026-07-08 22:08:04,
34.76,53.42,618,21.67,18.22,正常,2026-07-08 22:08:09,
34.74,53.38,624,21.67,17.41,正常,2026-07-08 22:08:14,
34.76,53.40,629,21.67,17.58,正常,2026-07-08 22:08:20,
34.73,53.35,629,21.67,15.78,正常,2026-07-08 22:08:25,
34.74,53.47,631,21.67,17.61,正常,2026-07-08 22:08:30,
34.76,53.41,633,21.67,17.41,正常,2026-07-08 22:08:35,
34.77,53.54,634,21.67,17.07,正常,2026-07-08 22:08:40,
34.74,53.33,636,21.67,17.41,正常,2026-07-08 22:08:46,
34.74,53.23,636,21.67,15.75,正常,2026-07-08 22:08:51,
34.77,53.13,636,21.67,17.24,正常,2026-07-08 22:08:56,
34.76,53.03,636,21.67,17.31,正常,2026-07-08 22:09:01,
34.77,52.96,636,21.67,16.58,正常,2026-07-08 22:09:06,
34.77,52.97,636,16.67,17.48,正常,2026-07-08 22:09:12,
34.73,54.92,636,18.33,15.80,正常,2026-07-08 22:09:17,
34.69,54.54,637,17.50,17.22,正常,2026-07-08 22:09:22,
34.71,54.18,644,19.17,16.95,正常,2026-07-08 22:09:27,
34.69,53.97,645,19.17,17.36,正常,2026-07-08 22:09:33,
34.70,53.47,649,19.17,16.14,正常,2026-07-08 22:09:38,
34.70,53.29,652,19.17,15.65,正常,2026-07-08 22:09:43,
34.73,53.19,652,19.17,17.31,正常,2026-07-08 22:09:48,
34.73,53.29,652,19.17,16.17,正常,2026-07-08 22:09:53,
34.79,53.07,653,19.17,17.41,正常,2026-07-08 22:09:59,
34.80,52.84,653,19.17,15.97,正常,2026-07-08 22:10:04,
34.82,52.75,655,19.17,18.17,正常,2026-07-08 22:10:09,
34.82,52.84,655,18.33,15.53,正常,2026-07-08 22:10:14,
34.80,52.80,655,18.33,17.39,正常,2026-07-08 22:10:19,
34.83,52.63,655,19.17,15.31,正常,2026-07-08 22:10:25,
34.83,52.75,655,19.17,17.51,正常,2026-07-08 22:10:30,
34.89,52.82,655,19.17,18.12,正常,2026-07-08 22:10:35,
34.89,52.90,656,19.17,16.87,正常,2026-07-08 22:10:40,
34.91,53.12,655,15.83,17.39,正常,2026-07-08 22:10:45,
34.89,53.69,654,21.67,16.80,正常,2026-07-08 22:10:51,
34.91,53.64,653,21.67,16.21,正常,2026-07-08 22:10:56,
34.93,53.64,652,21.67,17.17,正常,2026-07-08 22:11:01,
34.93,53.61,652,21.67,16.63,正常,2026-07-08 22:11:06,
34.93,53.50,651,21.67,17.48,正常,2026-07-08 22:11:12,
34.91,53.37,652,21.67,18.07,正常,2026-07-08 22:11:17,
34.93,53.30,652,21.67,17.51,正常,2026-07-08 22:11:22,
34.97,53.22,652,21.67,16.31,正常,2026-07-08 22:11:27,
34.97,53.19,651,21.67,18.05,正常,2026-07-08 22:11:32,
34.95,53.12,650,21.67,15.56,正常,2026-07-08 22:11:38,
34.95,53.15,649,21.67,17.26,正常,2026-07-08 22:11:43,
34.98,53.11,649,21.67,17.51,正常,2026-07-08 22:11:48,
35.01,53.06,649,21.67,17.41,正常,2026-07-08 22:11:53,
35.01,53.02,648,22.50,15.60,正常,2026-07-08 22:11:58,
34.98,52.77,648,22.50,17.34,正常,2026-07-08 22:12:04,
35.00,52.85,647,22.50,17.31,正常,2026-07-08 22:12:09,
35.02,52.88,645,16.67,15.87,正常,2026-07-08 22:12:14,
35.04,53.17,645,21.67,17.22,正常,2026-07-08 22:12:19,
35.02,53.41,644,21.67,16.17,正常,2026-07-08 22:12:24,
35.05,53.48,643,21.67,17.26,正常,2026-07-08 22:12:30,
35.09,53.54,642,22.50,17.58,正常,2026-07-08 22:12:35,
35.09,53.45,638,21.67,17.58,正常,2026-07-08 22:12:40,
35.07,53.50,636,21.67,17.19,正常,2026-07-08 22:12:45,
35.14,53.45,636,21.67,15.75,正常,2026-07-08 22:12:51,
35.11,53.41,634,21.67,15.56,正常,2026-07-08 22:12:56,
35.11,53.15,633,21.67,17.44,正常,2026-07-08 22:13:01,
35.14,53.08,630,21.67,15.53,正常,2026-07-08 22:13:06,
35.15,53.02,628,21.67,17.14,正常,2026-07-08 22:13:11,
35.18,52.98,626,21.67,17.22,正常,2026-07-08 22:13:17,
35.22,52.92,624,21.67,16.85,正常,2026-07-08 22:13:22,
35.24,52.82,622,21.67,17.34,正常,2026-07-08 22:13:27,
35.28,52.82,619,21.67,16.19,正常,2026-07-08 22:13:32,
35.29,52.87,618,21.67,17.14,正常,2026-07-08 22:13:37,
35.28,52.75,609,20.83,15.14,正常,2026-07-08 22:13:45,
35.31,52.78,601,18.33,15.46,正常,2026-07-08 22:13:50,
35.28,52.77,578,17.50,16.34,正常,2026-07-08 22:14:02,
35.33,52.64,567,16.67,17.29,正常,2026-07-08 22:14:07,
35.36,52.53,593,13.33,16.58,正常,2026-07-08 22:14:13,
35.33,52.71,580,14.17,16.51,正常,2026-07-08 22:14:18,
35.35,52.53,574,15.00,17.34,正常,2026-07-08 22:14:30,
35.36,52.56,609,17.50,17.34,正常,2026-07-08 22:14:42,
35.32,52.38,593,17.50,17.48,正常,2026-07-08 22:14:47,
35.29,52.15,588,17.50,17.36,正常,2026-07-08 22:14:52,
35.24,52.37,619,17.50,17.44,正常,2026-07-08 22:15:58,
35.15,52.31,631,20.83,16.65,正常,2026-07-08 22:16:03,
35.14,52.29,605,21.67,17.34,正常,2026-07-08 22:16:39,
35.12,52.66,610,16.67,17.36,正常,2026-07-08 22:16:44,
35.11,53.67,617,14.17,17.31,正常,2026-07-08 22:16:50,
35.16,55.61,622,15.00,16.12,正常,2026-07-08 22:16:55,
35.11,56.69,629,70.00,15.68,正常,2026-07-08 22:17:00,
35.11,54.95,634,65.00,17.66,正常,2026-07-08 22:17:05,
35.16,54.82,633,54.17,15.95,正常,2026-07-08 22:17:10,
35.16,53.48,633,141.67,15.60,正常,2026-07-08 22:17:16,
35.19,53.67,637,175.83,16.53,正常,2026-07-08 22:17:21,
35.15,52.77,637,173.33,16.48,正常,2026-07-08 22:17:26,
35.16,53.91,637,146.67,16.46,正常,2026-07-08 22:17:31,
35.19,55.12,639,213.33,15.97,正常,2026-07-08 22:17:36,
35.22,53.26,644,25.83,15.80,正常,2026-07-08 22:17:54,
35.32,52.12,639,37.50,15.90,正常,2026-07-08 22:17:59,
35.36,52.06,641,49.17,16.87,正常,2026-07-08 22:18:04,
35.36,52.27,639,61.67,15.46,正常,2026-07-08 22:18:09,
35.42,52.20,644,70.00,15.97,正常,2026-07-08 22:18:15,
35.39,52.16,641,74.17,17.02,正常,2026-07-08 22:18:20,
35.40,52.10,646,77.50,15.16,正常,2026-07-08 22:18:25,
35.40,52.21,646,92.50,15.90,正常,2026-07-08 22:18:30,
35.39,52.59,644,103.33,15.95,正常,2026-07-08 22:18:35,
35.39,52.68,644,111.67,15.38,正常,2026-07-08 22:18:41,
35.39,52.64,644,121.67,15.56,正常,2026-07-08 22:18:46,
35.40,52.46,643,132.50,16.73,正常,2026-07-08 22:18:51,
35.42,52.45,645,162.50,14.92,正常,2026-07-08 22:18:56,
35.43,52.44,646,174.17,16.09,正常,2026-07-08 22:19:01,
35.45,52.54,646,185.83,15.02,正常,2026-07-08 22:19:07,
35.47,52.11,646,195.83,15.97,正常,2026-07-08 22:19:12,
35.45,51.77,645,206.67,15.41,正常,2026-07-08 22:19:17,
35.50,51.75,646,217.50,17.34,正常,2026-07-08 22:19:22,
35.54,51.59,646,226.67,17.66,正常,2026-07-08 22:19:27,
35.54,51.55,646,230.00,16.41,正常,2026-07-08 22:19:33,
35.53,51.44,646,232.50,16.87,正常,2026-07-08 22:19:38,
35.54,51.37,646,237.50,17.56,正常,2026-07-08 22:19:43,
35.60,51.37,646,228.33,17.17,正常,2026-07-08 22:19:48,
35.60,51.29,646,187.50,16.97,正常,2026-07-08 22:19:54,
35.64,51.18,649,195.00,17.70,正常,2026-07-08 22:20:10,
35.67,50.97,650,200.00,19.44,正常,2026-07-08 22:20:16,
35.67,51.01,641,262.50,19.80,正常,2026-07-08 22:20:21,
35.65,51.06,641,20.00,17.14,正常,2026-07-08 22:20:38,
35.70,51.00,674,19.17,19.54,正常,2026-07-08 22:20:48,
35.81,50.95,638,174.17,19.51,正常,2026-07-08 22:23:42,
35.84,50.98,680,21.67,18.51,正常,2026-07-08 22:23:59,
35.77,51.14,642,21.67,17.51,正常,2026-07-08 22:24:04,
35.74,51.19,626,21.67,18.83,正常,2026-07-08 22:24:09,
35.76,51.16,620,160.00,3.42,正常,2026-07-08 22:24:14,
35.74,51.19,671,18.33,18.73,正常,2026-07-08 22:24:31,
35.70,52.29,639,10.83,17.29,正常,2026-07-08 22:24:36,
35.73,53.11,614,20.83,17.95,正常,2026-07-08 22:24:42,
35.69,53.21,608,15.83,17.78,正常,2026-07-08 22:24:47,
35.67,54.08,607,14.17,20.37,正常,2026-07-08 22:24:52,
35.69,52.99,610,9.17,16.68,正常,2026-07-08 22:24:57,
35.69,52.59,612,20.83,18.14,正常,2026-07-08 22:25:02,
35.65,51.49,615,20.83,17.66,正常,2026-07-08 22:25:08,
35.60,51.44,616,20.83,17.36,正常,2026-07-08 22:25:13,
35.60,51.48,616,20.83,19.41,正常,2026-07-08 22:25:18,
35.59,51.45,616,20.83,18.27,正常,2026-07-08 22:25:23,
35.59,51.49,616,20.83,18.39,正常,2026-07-08 22:25:29,
35.56,54.38,617,20.00,18.05,正常,2026-07-08 22:25:34,
35.57,53.73,618,14.17,18.44,正常,2026-07-08 22:25:39,
35.57,56.18,618,20.00,18.63,正常,2026-07-08 22:25:44,
35.57,53.87,620,20.00,17.66,正常,2026-07-08 22:25:49,
35.57,52.92,621,20.83,17.85,正常,2026-07-08 22:25:55,
35.60,52.45,626,20.83,16.68,正常,2026-07-08 22:26:00,
35.56,52.37,628,20.83,17.31,正常,2026-07-08 22:26:05,
35.54,51.81,637,20.83,18.24,正常,2026-07-08 22:26:10,
35.56,51.76,638,160.00,18.07,正常,2026-07-08 22:26:15,
35.56,51.71,714,186.67,17.66,正常,2026-07-08 22:26:32,
35.65,51.54,704,142.50,16.48,正常,2026-07-08 22:26:37,
35.67,53.47,699,216.67,18.29,正常,2026-07-08 22:26:43,
35.69,53.38,693,20.00,17.56,正常,2026-07-08 22:26:48,
35.67,53.66,687,22.50,18.12,正常,2026-07-08 22:26:53,
35.74,52.01,674,22.50,17.48,正常,2026-07-08 22:26:58,
35.74,51.49,668,22.50,17.73,正常,2026-07-08 22:27:03,
35.77,51.26,664,22.50,18.29,正常,2026-07-08 22:27:09,
35.74,51.11,662,22.50,18.53,正常,2026-07-08 22:27:14,
35.77,50.91,658,22.50,17.02,正常,2026-07-08 22:27:19,
35.74,50.75,654,20.83,17.26,正常,2026-07-08 22:27:24,
35.81,50.68,649,19.17,16.80,正常,2026-07-08 22:27:30,
35.78,50.74,644,20.83,18.22,正常,2026-07-08 22:27:35,
35.83,50.72,640,20.83,18.36,正常,2026-07-08 22:27:40,
35.80,50.70,636,20.83,16.46,正常,2026-07-08 22:27:45,
35.83,50.82,630,22.50,18.41,正常,2026-07-08 22:27:50,
35.80,51.10,630,22.50,18.19,正常,2026-07-08 22:27:56,
35.81,51.00,626,22.50,18.24,正常,2026-07-08 22:28:01,
35.85,50.89,624,22.50,16.95,正常,2026-07-08 22:28:06,
35.81,50.80,622,21.67,17.36,正常,2026-07-08 22:28:11,
35.81,50.75,622,19.17,18.73,正常,2026-07-08 22:28:16,
35.83,50.68,620,20.00,17.66,正常,2026-07-08 22:28:22,
35.81,50.60,619,21.67,15.75,正常,2026-07-08 22:28:27,
35.78,51.01,618,22.50,18.27,正常,2026-07-08 22:28:32,
35.77,51.72,614,22.50,18.24,正常,2026-07-08 22:28:37,
35.74,51.49,612,18.33,18.36,正常,2026-07-08 22:28:42,
35.73,52.85,612,22.50,17.73,正常,2026-07-08 22:28:48,
35.73,52.26,611,22.50,17.83,正常,2026-07-08 22:28:53,
35.74,51.86,611,22.50,16.73,正常,2026-07-08 22:28:58,
35.77,51.46,609,20.00,16.46,正常,2026-07-08 22:29:03,
35.74,51.34,607,19.17,16.41,正常,2026-07-08 22:29:09,
35.80,51.27,607,21.67,18.22,正常,2026-07-08 22:29:14,
35.77,51.04,605,21.67,16.39,正常,2026-07-08 22:29:19,
35.81,50.89,604,20.83,16.56,正常,2026-07-08 22:29:24,
35.80,50.81,604,16.67,19.41,正常,2026-07-08 22:29:29,
35.80,52.77,603,13.33,17.41,正常,2026-07-08 22:29:35,
35.81,55.93,600,14.17,17.75,正常,2026-07-08 22:29:40,
35.78,54.92,600,21.67,16.80,正常,2026-07-08 22:29:45,
35.76,52.96,599,22.50,16.53,正常,2026-07-08 22:29:50,
35.76,51.80,598,22.50,16.46,正常,2026-07-08 22:29:55,
35.74,51.67,597,22.50,17.80,正常,2026-07-08 22:30:01,
35.71,51.51,596,22.50,16.39,正常,2026-07-08 22:30:06,
35.70,51.13,596,22.50,17.78,正常,2026-07-08 22:30:11,
35.70,50.82,594,20.00,16.21,正常,2026-07-08 22:30:16,
35.70,50.78,594,19.17,16.29,正常,2026-07-08 22:30:22,
35.70,50.76,592,20.83,16.29,正常,2026-07-08 22:30:27,
35.71,50.78,591,20.83,16.70,正常,2026-07-08 22:30:32,
35.65,51.21,591,20.83,18.02,正常,2026-07-08 22:30:37,
35.67,51.38,590,21.67,17.41,正常,2026-07-08 22:30:42,
35.71,51.34,591,22.50,16.51,正常,2026-07-08 22:30:48,
35.71,51.51,590,22.50,18.12,正常,2026-07-08 22:30:53,
35.71,51.70,590,22.50,17.29,正常,2026-07-08 22:30:58,
28.08,53.21,439,90.83,15.14,正常,2026-07-16 09:59:26,
28.09,53.49,433,91.67,13.87,正常,2026-07-16 09:59:31,
28.13,53.49,433,90.83,16.19,正常,2026-07-16 09:59:36,
28.12,53.52,424,90.83,15.04,正常,2026-07-16 09:59:41,
28.12,53.38,424,91.67,14.29,正常,2026-07-16 09:59:47,
28.13,52.87,419,91.67,17.14,正常,2026-07-16 09:59:52,
28.12,53.17,417,91.67,14.04,正常,2026-07-16 09:59:57,
28.12,53.24,418,91.67,15.56,正常,2026-07-16 10:00:02,
28.19,52.89,492,69.17,14.41,正常,2026-07-16 10:17:51,
28.19,52.86,489,66.67,12.21,正常,2026-07-16 10:17:56,
28.19,52.71,484,67.50,13.14,正常,2026-07-16 10:18:01,
28.22,52.59,475,67.50,13.04,正常,2026-07-16 10:18:07,
28.22,52.79,470,67.50,11.89,正常,2026-07-16 10:18:12,
28.23,52.89,471,69.17,13.41,正常,2026-07-16 10:18:17,
28.26,52.97,470,68.33,13.26,正常,2026-07-16 10:18:22,
28.25,52.72,472,67.50,13.55,正常,2026-07-16 10:18:28,
28.27,52.63,471,67.50,13.11,正常,2026-07-16 10:18:33,
28.27,52.61,471,71.67,13.36,正常,2026-07-16 10:18:38,
28.26,52.33,470,71.67,11.28,正常,2026-07-16 10:18:43,
28.27,52.15,470,71.67,12.53,正常,2026-07-16 10:18:48,
28.30,52.02,469,71.67,13.26,正常,2026-07-16 10:18:54,
28.26,52.14,467,71.67,12.53,正常,2026-07-16 10:18:59,
28.23,52.06,467,65.83,12.16,正常,2026-07-16 10:19:04,
28.23,52.21,463,65.83,13.09,正常,2026-07-16 10:19:09,
28.23,52.23,462,63.33,14.68,正常,2026-07-16 10:19:14,
28.22,52.24,460,52.50,12.67,正常,2026-07-16 10:19:20,
28.26,52.34,459,59.17,12.70,正常,2026-07-16 10:19:25,
28.26,52.36,457,65.83,12.65,正常,2026-07-16 10:19:30,
28.26,52.34,454,67.50,14.73,正常,2026-07-16 10:19:35,
28.25,52.22,454,65.00,13.11,正常,2026-07-16 10:19:40,
28.25,52.00,453,65.83,12.97,正常,2026-07-16 10:19:46,
28.20,51.96,453,65.83,13.41,正常,2026-07-16 10:19:51,
28.25,52.23,451,65.83,12.36,正常,2026-07-16 10:19:56,
28.22,52.30,451,66.67,14.04,正常,2026-07-16 10:20:01,
28.23,52.42,451,65.83,14.48,正常,2026-07-16 10:20:07,
28.23,52.50,452,65.83,12.16,正常,2026-07-16 10:20:12,
28.23,52.97,453,65.83,12.14,正常,2026-07-16 10:20:17,
28.25,53.04,462,66.67,13.11,正常,2026-07-16 10:20:22,
28.25,53.51,485,67.50,13.50,正常,2026-07-16 10:20:27,
28.25,53.22,520,66.67,13.82,正常,2026-07-16 10:20:33,
28.26,53.15,550,65.00,12.63,正常,2026-07-16 10:20:38,
28.25,52.98,568,65.00,11.38,正常,2026-07-16 10:20:43,
28.26,52.98,621,65.83,12.99,正常,2026-07-16 10:20:48,
28.27,53.09,630,66.67,13.94,正常,2026-07-16 10:20:53,
28.27,53.11,644,65.83,12.75,正常,2026-07-16 10:20:59,
28.26,53.03,646,67.50,13.58,正常,2026-07-16 10:21:04,
28.30,52.92,648,68.33,14.04,正常,2026-07-16 10:21:09,
28.32,53.41,651,67.50,12.87,正常,2026-07-16 10:21:14,
28.32,53.51,661,66.67,12.80,正常,2026-07-16 10:21:19,
28.32,53.19,669,66.67,13.02,正常,2026-07-16 10:21:25,
28.30,53.04,670,66.67,12.33,正常,2026-07-16 10:21:30,
28.32,53.23,675,67.50,13.19,正常,2026-07-16 10:21:35,
28.33,53.04,684,68.33,13.41,正常,2026-07-16 10:21:40,
28.33,52.97,700,70.00,13.92,正常,2026-07-16 10:21:46,
28.33,52.90,709,70.00,13.21,正常,2026-07-16 10:21:51,
28.35,52.75,714,70.00,14.46,正常,2026-07-16 10:21:56,
28.35,52.46,721,70.00,12.75,正常,2026-07-16 10:22:01,
28.36,52.22,720,70.00,13.89,正常,2026-07-16 10:22:06,
28.54,52.25,456,68.33,13.94,正常,2026-07-16 10:37:41,
28.54,51.92,459,66.67,14.58,正常,2026-07-16 10:37:46,
28.54,51.88,466,69.17,13.41,正常,2026-07-16 10:37:51,
28.56,51.97,465,68.33,15.31,正常,2026-07-16 10:37:56,
28.56,52.14,470,67.50,15.36,正常,2026-07-16 10:38:01,
28.53,52.12,466,68.33,14.58,正常,2026-07-16 10:38:07,
28.54,52.27,467,69.17,14.43,正常,2026-07-16 10:38:12,
28.54,52.34,465,69.17,14.29,正常,2026-07-16 10:38:17,
28.50,52.22,463,70.00,15.41,正常,2026-07-16 10:38:22,
28.49,52.01,462,69.17,14.90,正常,2026-07-16 10:38:27,
28.51,52.18,462,69.17,13.46,正常,2026-07-16 10:38:33,
28.50,52.34,461,56.67,15.97,正常,2026-07-16 10:38:38,
28.49,52.32,460,65.83,15.19,正常,2026-07-16 10:38:43,
28.49,52.34,460,63.33,14.33,正常,2026-07-16 10:38:48,
28.50,52.03,462,60.00,14.63,正常,2026-07-16 10:38:53,
28.47,52.16,462,61.67,13.97,正常,2026-07-16 10:38:59,
28.54,52.18,463,61.67,14.80,正常,2026-07-16 10:39:04,
28.50,51.90,462,65.83,14.82,正常,2026-07-16 10:39:09,
28.51,52.05,462,65.00,13.65,正常,2026-07-16 10:39:14,
28.49,51.63,463,65.83,15.78,正常,2026-07-16 10:39:20,
28.51,51.70,463,65.83,13.87,正常,2026-07-16 10:39:25,
28.49,51.56,463,65.83,17.05,正常,2026-07-16 10:39:30,
28.49,51.76,463,65.83,15.29,正常,2026-07-16 10:39:35,
28.51,51.88,462,65.83,14.82,正常,2026-07-16 10:39:40,
28.54,52.11,462,65.83,15.95,正常,2026-07-16 10:39:46,
28.54,52.00,463,65.83,15.41,正常,2026-07-16 10:39:51,
28.51,51.95,467,65.00,15.97,正常,2026-07-16 10:39:56,
28.54,52.05,477,65.00,14.19,正常,2026-07-16 10:40:01,
28.58,51.45,577,65.00,12.38,正常,2026-07-16 10:50:02,
28.61,51.72,548,65.00,12.45,正常,2026-07-16 10:50:07,
28.58,50.99,494,65.00,12.23,正常,2026-07-16 10:50:58,
28.61,50.94,480,64.17,12.38,正常,2026-07-16 10:51:03,
28.61,50.77,461,63.33,12.84,正常,2026-07-16 10:51:08,
28.64,50.93,469,63.33,12.48,正常,2026-07-16 10:51:14,
28.63,51.16,471,64.17,13.02,正常,2026-07-16 10:51:19,
28.64,52.14,470,64.17,13.19,正常,2026-07-16 10:51:24,
28.64,52.16,475,65.00,12.87,正常,2026-07-16 10:51:29,
28.65,51.51,479,64.17,12.53,正常,2026-07-16 10:51:35,
28.65,51.35,482,65.00,12.97,正常,2026-07-16 10:51:40,
28.65,51.38,482,63.33,14.63,正常,2026-07-16 10:51:45,
28.64,51.38,482,63.33,14.92,正常,2026-07-16 10:51:50,
28.64,51.39,483,63.33,13.87,正常,2026-07-16 10:51:55,
28.65,51.29,484,63.33,12.99,正常,2026-07-16 10:52:01,
28.64,51.24,484,64.17,12.04,正常,2026-07-16 10:52:06,
28.64,51.14,485,63.33,12.65,正常,2026-07-16 10:52:11,
28.64,51.15,485,64.17,15.26,正常,2026-07-16 10:52:16,
28.68,50.94,484,64.17,13.21,正常,2026-07-16 10:52:21,
28.70,50.99,484,64.17,12.97,正常,2026-07-16 10:52:27,
28.71,50.96,485,65.00,12.97,正常,2026-07-16 10:52:32,
28.67,51.15,484,65.00,14.14,正常,2026-07-16 10:52:37,
28.67,51.80,485,65.00,15.80,正常,2026-07-16 10:52:42,
28.70,51.81,486,65.00,14.09,正常,2026-07-16 10:52:48,
28.68,51.62,564,65.00,13.92,正常,2026-07-16 10:52:56,
28.73,51.19,543,583.33,12.97,正常,2026-07-16 10:53:01,
28.71,51.01,543,65.00,6.37,正常,2026-07-16 10:53:07,
28.71,51.08,601,573.33,12.33,正常,2026-07-16 10:53:18,
28.77,51.07,578,66.67,11.53,正常,2026-07-16 10:53:23,
28.78,50.98,554,66.67,13.21,正常,2026-07-16 10:53:28,
28.78,50.73,543,66.67,14.31,正常,2026-07-16 10:53:33,
28.15,52.37,465,85.83,13.55,正常,2026-07-16 11:13:02,
28.16,52.65,480,85.00,13.87,正常,2026-07-16 11:13:07,
28.15,52.54,481,84.17,13.70,正常,2026-07-16 11:13:13,
28.15,52.50,485,85.00,13.80,正常,2026-07-16 11:13:18,
28.13,52.52,477,84.17,13.60,正常,2026-07-16 11:13:23,
28.15,52.40,479,84.17,14.19,正常,2026-07-16 11:13:28,
28.19,52.38,474,84.17,15.34,正常,2026-07-16 11:13:33,
28.16,52.27,478,83.33,16.12,正常,2026-07-16 11:13:39,
28.16,52.44,478,50.00,15.56,正常,2026-07-16 11:13:44,
28.16,52.58,475,85.83,11.94,正常,2026-07-16 11:13:49,
28.13,52.86,475,85.83,14.21,正常,2026-07-16 11:13:54,
28.15,52.64,477,85.83,12.89,正常,2026-07-16 11:14:00,
28.13,52.79,478,85.83,13.21,正常,2026-07-16 11:14:05,
28.13,52.56,479,85.83,12.97,正常,2026-07-16 11:14:10,
28.12,52.54,481,85.83,13.09,正常,2026-07-16 11:14:15,
28.13,52.66,481,85.83,13.60,正常,2026-07-16 11:14:20,
28.12,52.80,482,85.83,13.16,正常,2026-07-16 11:14:26,
28.13,52.79,481,85.83,13.21,正常,2026-07-16 11:14:31,
28.13,52.69,482,85.83,12.87,正常,2026-07-16 11:14:36,
28.15,52.58,481,85.83,13.65,正常,2026-07-16 11:14:41,
28.18,52.65,480,85.83,12.19,正常,2026-07-16 11:14:46,
28.16,52.52,479,85.83,13.26,正常,2026-07-16 11:14:52,
28.13,52.59,479,85.83,13.19,正常,2026-07-16 11:14:57,
